Field ID#,ARMS,distance,treatment,coral,Phyla,Genera,Count
BHKG-7193,HH08,close,poly,acroporapavonaplatygyra,Arthropoda,Lissoporcellana ,21
BHKG-7194,HH08,close,poly,acroporapavonaplatygyra,Arthropoda,Liomera ,1
BHKG-7195,HH08,close,poly,acroporapavonaplatygyra,Arthropoda,Galathea ,5
BHKG-7196,HH08,close,poly,acroporapavonaplatygyra,Arthropoda,Acteodes ,1
BHKG-7197,HH08,close,poly,acroporapavonaplatygyra,Arthropoda,Medaeops ,1
BHKG-7198,HH08,close,poly,acroporapavonaplatygyra,Arthropoda,Novactaea ,1
BHKG-7199,HH08,close,poly,acroporapavonaplatygyra,Arthropoda,Chlorodiella ,2
BHKG-7200,HH08,close,poly,acroporapavonaplatygyra,Arthropoda,Pilumnidae,1
BHKG-7201,HH08,close,poly,acroporapavonaplatygyra,Arthropoda,Cuapetes,7
BHKG-7202,HH08,close,poly,acroporapavonaplatygyra,Arthropoda,Epiactaea ,1
BHKG-7203,HH08,close,poly,acroporapavonaplatygyra,Arthropoda,Lysmata ,4
BHKG-7204,HH08,close,poly,acroporapavonaplatygyra,Arthropoda,Alpheus,1
BHKG-7205,HH08,close,poly,acroporapavonaplatygyra,Arthropoda,Alpheus,1
BHKG-7206,HH08,close,poly,acroporapavonaplatygyra,Arthropoda,Alpheus,1
BHKG-7207,HH08,close,poly,acroporapavonaplatygyra,Arthropoda,Alpheus,1
BHKG-7208,HH08,close,poly,acroporapavonaplatygyra,Arthropoda,Alpheus,1
BHKG-7209,HH08,close,poly,acroporapavonaplatygyra,Arthropoda,Alpheus,1
BHKG-7210,HH08,close,poly,acroporapavonaplatygyra,Arthropoda,Alpheus,1
BHKG-7211,HH08,close,poly,acroporapavonaplatygyra,Arthropoda,Alpheus,1
BHKG-7212,HH08,close,poly,acroporapavonaplatygyra,Arthropoda,Alpheus,1
BHKG-7213,HH08,close,poly,acroporapavonaplatygyra,Arthropoda,Alpheus,1
BHKG-7214,HH08,close,poly,acroporapavonaplatygyra,Arthropoda,Athanus ,3
BHKG-7215,HH08,close,poly,acroporapavonaplatygyra,Echinodermata,Ophiactis ,3
BHKG-7216,HH08,close,poly,acroporapavonaplatygyra,Echinodermata,Ophiuroidea,4
BHKG-7217,HH08,close,poly,acroporapavonaplatygyra,Chordata,Istigobius,12
BHKG-7218,HH08,close,poly,acroporapavonaplatygyra,Mollusca,Cerithium traillii,1
BHKG-7219,HH08,close,poly,acroporapavonaplatygyra,Mollusca,Cerithium,1
BHKG-7220,HH08,close,poly,acroporapavonaplatygyra,Mollusca,Indothais ,1
BHKG-7221,HH08,close,poly,acroporapavonaplatygyra,Mollusca,Engina ,6
BHKG-7222,HH08,close,poly,acroporapavonaplatygyra,Mollusca,Ergalatax ,14
BHKG-7223,HH08,close,poly,acroporapavonaplatygyra,Mollusca,Lima ,1
BHKG-7224,HH08,close,poly,acroporapavonaplatygyra,Mollusca,Barbatia,2
BHKG-7225,HH08,close,poly,acroporapavonaplatygyra,Mollusca,Clanculus,1
BHKG-7226,HH08,close,poly,acroporapavonaplatygyra,Mollusca,Clanculus,1
BHKG-7227,HH08,close,poly,acroporapavonaplatygyra,Mollusca,Mitrella ,1
BHKG-7228,HH08,close,poly,acroporapavonaplatygyra,Mollusca,Nassarius ,2
BHKG-7229,HH08,close,poly,acroporapavonaplatygyra,Mollusca,Polyplacophora,1
BHKG-7230,HH08,close,poly,acroporapavonaplatygyra,Mollusca,Polyplacophora,1
BHKG-7231,HH08,close,poly,acroporapavonaplatygyra,Chordata,notSure,1
BHKG-7232,HH14,middle,poly,acroporapavonaplatygyra,Mollusca,Ergalatax ,26
BHKG-7233,HH14,middle,poly,acroporapavonaplatygyra,Mollusca,Erronea ,1
BHKG-7234,HH14,middle,poly,acroporapavonaplatygyra,Mollusca,Purpuradusta ,1
BHKG-7235,HH14,middle,poly,acroporapavonaplatygyra,Mollusca,Clanculus,1
BHKG-7236,HH14,middle,poly,acroporapavonaplatygyra,Mollusca,Cerithium traillii,1
BHKG-7237,HH14,middle,poly,acroporapavonaplatygyra,Mollusca,Cerithium ,1
BHKG-7238,HH14,middle,poly,acroporapavonaplatygyra,Mollusca,Indothais ,1
BHKG-7239,HH14,middle,poly,acroporapavonaplatygyra,Annelida,Phyllodoce,1
BHKG-7240,HH14,middle,poly,acroporapavonaplatygyra,Annelida,Terebellidae,1
BHKG-7241,HH14,middle,poly,acroporapavonaplatygyra,Annelida,Terebellidae,1
BHKG-7242,HH14,middle,poly,acroporapavonaplatygyra,Annelida,Lumbrineris ,1
BHKG-7243,HH14,middle,poly,acroporapavonaplatygyra,Annelida,Nereididae,1
BHKG-7244,HH14,middle,poly,acroporapavonaplatygyra,Annelida,Serpulidae,1
BHKG-7245,HH14,middle,poly,acroporapavonaplatygyra,Arthropoda,Maera,2
BHKG-7246,HH14,middle,poly,acroporapavonaplatygyra,Annelida,Lysidice,1
BHKG-7247,HH14,middle,poly,acroporapavonaplatygyra,Annelida,Cirratulidae,1
BHKG-7248,HH14,middle,poly,acroporapavonaplatygyra,Annelida,Leocrates ,1
BHKG-7249,HH14,middle,poly,acroporapavonaplatygyra,Annelida,Lysidice,1
BHKG-7250,HH14,middle,poly,acroporapavonaplatygyra,Annelida,Palmyra ,2
BHKG-7251,HH08,close,poly,acroporapavonaplatygyra,Annelida,Lysidice,1
BHKG-7252,HH08,close,poly,acroporapavonaplatygyra,Annelida,Phascolosoma,1
BHKG-7253,HH08,close,poly,acroporapavonaplatygyra,Annelida,Nematonereis,1
BHKG-7254,HH08,close,poly,acroporapavonaplatygyra,Annelida,Terebellidae,1
BHKG-7255,HH08,close,poly,acroporapavonaplatygyra,Annelida,Eunicidae,1
BHKG-7256,HH08,close,poly,acroporapavonaplatygyra,Annelida,Eunicidae,1
BHKG-7257,HH08,close,poly,acroporapavonaplatygyra,Annelida,Hydroides,1
BHKG-7258,HH08,close,poly,acroporapavonaplatygyra,Arthropoda,Athanus ,1
BHKG-7259,HH08,close,poly,acroporapavonaplatygyra,Annelida,Nematonereis,1
BHKG-7260,HH08,close,poly,acroporapavonaplatygyra,Annelida,Nematonereis,1
BHKG-7261,HH08,close,poly,acroporapavonaplatygyra,Annelida,Terebellidae,1
BHKG-7262,HH08,close,poly,acroporapavonaplatygyra,Annelida,Phascolosoma,1
BHKG-7263,HH08,close,poly,acroporapavonaplatygyra,Annelida,Phascolosoma,1
BHKG-7264,HH08,close,poly,acroporapavonaplatygyra,Annelida,Phascolosoma,1
BHKG-7265,HH08,close,poly,acroporapavonaplatygyra,Platyhelminthes,Polycladida,1
BHKG-7266,HH08,close,poly,acroporapavonaplatygyra,Annelida,Terebellidae,1
BHKG-7267,HH14,middle,poly,acroporapavonaplatygyra,Annelida,Terebellidae,5
BHKG-7268,HH08,close,poly,acroporapavonaplatygyra,Arthropoda,Diogenes,2
BHKG-7269,HH08,close,poly,acroporapavonaplatygyra,Arthropoda,Areopaguristes,4
BHKG-7270,HH08,close,poly,acroporapavonaplatygyra,Arthropoda,Pagurixus ,6
BHKG-7271,HH14,middle,poly,acroporapavonaplatygyra,Arthropoda,Areopaguristes,16
BHKG-7272,HH14,middle,poly,acroporapavonaplatygyra,Arthropoda,Pagurixus ,4
BHKG-7273,HH14,middle,poly,acroporapavonaplatygyra,Arthropoda,Boninpagurus ,2
BHKG-7274,HH15,middle,poly,acroporapavonaplatygyra,Annelida,Phascolosoma,1
BHKG-7275,HH15,middle,poly,acroporapavonaplatygyra,Annelida,Phascolosoma,1
BHKG-7276,HH15,middle,poly,acroporapavonaplatygyra,Annelida,Polynoidae,1
BHKG-7277,HH15,middle,poly,acroporapavonaplatygyra,Annelida,Phascolosoma,1
BHKG-7278,HH15,middle,poly,acroporapavonaplatygyra,Annelida,Perinereis ,1
BHKG-7279,HH15,middle,poly,acroporapavonaplatygyra,Annelida,Polynoidae,1
BHKG-7280,HH15,middle,poly,acroporapavonaplatygyra,Annelida,Phascolosoma,1
BHKG-7281,HH15,middle,poly,acroporapavonaplatygyra,Annelida,Phascolosoma,1
BHKG-7282,HH15,middle,poly,acroporapavonaplatygyra,Annelida,Nereididae,1
BHKG-7283,HH15,middle,poly,acroporapavonaplatygyra,Annelida,Phascolosoma,1
BHKG-7284,HH15,middle,poly,acroporapavonaplatygyra,Annelida,Lumbrineris ,1
BHKG-7285,HH14,middle,poly,acroporapavonaplatygyra,Mollusca,Engina ,6
BHKG-7286,HH14,middle,poly,acroporapavonaplatygyra,Mollusca,Lima ,1
BHKG-7287,HH14,middle,poly,acroporapavonaplatygyra,Mollusca,Barbatia,4
BHKG-7288,HH14,middle,poly,acroporapavonaplatygyra,Mollusca,Laevichlamys ,1
BHKG-7289,HH14,middle,poly,acroporapavonaplatygyra,Arthropoda,Galathea ,8
BHKG-7290,HH14,middle,poly,acroporapavonaplatygyra,Mollusca,Mesodesmatidae,1
BHKG-7291,HH14,middle,poly,acroporapavonaplatygyra,Arthropoda,Lissoporcellana ,32
BHKG-7292,HH14,middle,poly,acroporapavonaplatygyra,Arthropoda,Alpheus,2
BHKG-7293,HH14,middle,poly,acroporapavonaplatygyra,Arthropoda,Alpheus,2
BHKG-7294,HH14,middle,poly,acroporapavonaplatygyra,Arthropoda,Alpheus,1
BHKG-7295,HH14,middle,poly,acroporapavonaplatygyra,Arthropoda,Alpheus,1
BHKG-7296,HH14,middle,poly,acroporapavonaplatygyra,Arthropoda,Medaeops ,1
BHKG-7297,HH14,middle,poly,acroporapavonaplatygyra,Arthropoda,Novactaea ,1
BHKG-7298,HH14,middle,poly,acroporapavonaplatygyra,Arthropoda,Chlorodiella ,3
BHKG-7299,HH14,middle,poly,acroporapavonaplatygyra,Arthropoda,Enosteoides ,1
BHKG-7300,HH14,middle,poly,acroporapavonaplatygyra,Arthropoda,Epiactaea ,1
BHKG-7301,HH14,middle,poly,acroporapavonaplatygyra,Arthropoda,Athanus ,2
BHKG-7302,HH14,middle,poly,acroporapavonaplatygyra,Arthropoda,Cuapetes,7
BHKG-7303,HH14,middle,poly,acroporapavonaplatygyra,Chordata,Priolepis,3
BHKG-7304,HH14,middle,poly,acroporapavonaplatygyra,Arthropoda,Pilodius ,3
BHKG-7305,HH14,middle,poly,acroporapavonaplatygyra,Chordata,Eviota,1
BHKG-7306,HH14,middle,poly,acroporapavonaplatygyra,Chordata,Istigobius,12
BHKG-7307,HH14,middle,poly,acroporapavonaplatygyra,Echinodermata,Ophiactis ,9
BHKG-7308,HH14,middle,poly,acroporapavonaplatygyra,Echinodermata,Ophiuroidea,2
BHKG-7309,HH14,middle,poly,acroporapavonaplatygyra,Arthropoda,Alpheus,1
BHKG-7310,HH14,middle,poly,acroporapavonaplatygyra,Arthropoda,Pilumnidae,4
BHKG-7311,HH14,middle,poly,acroporapavonaplatygyra,Arthropoda,Athanus ,2
BHKG-7312,HH14,middle,poly,acroporapavonaplatygyra,Arthropoda,Brachyura,2
BHKG-7313,HH14,middle,poly,acroporapavonaplatygyra,Arthropoda,Brachyura,1
BHKG-7315,HH15,middle,poly,acroporapavonaplatygyra,Annelida,Phascolosoma,1
BHKG-7316,HH15,middle,poly,acroporapavonaplatygyra,Annelida,Phascolosoma,1
BHKG-7317,HH15,middle,poly,acroporapavonaplatygyra,Annelida,Phascolosoma,1
BHKG-7318,HH15,middle,poly,acroporapavonaplatygyra,Annelida,Syllidae,1
BHKG-7319,HH15,middle,poly,acroporapavonaplatygyra,Annelida,Eunicidae,1
BHKG-7320,HH15,middle,poly,acroporapavonaplatygyra,Annelida,Phascolosoma,1
BHKG-7321,HH15,middle,poly,acroporapavonaplatygyra,Annelida,Phascolosoma,1
BHKG-7322,HH15,middle,poly,acroporapavonaplatygyra,Annelida,Syllidae,1
BHKG-7323,HH15,middle,poly,acroporapavonaplatygyra,Annelida,Phascolosoma,1
BHKG-7324,HH15,middle,poly,acroporapavonaplatygyra,Annelida,Trypanosyllis,1
BHKG-7325,HH15,middle,poly,acroporapavonaplatygyra,Annelida,Syllidae,1
BHKG-7326,HH15,middle,poly,acroporapavonaplatygyra,Annelida,Lumbrineris ,1
BHKG-7327,HH15,middle,poly,acroporapavonaplatygyra,Annelida,Phascolosoma,1
BHKG-7328,HH05,close,control,no,Annelida,Nematonereis,1
BHKG-7329,HH05,close,control,no,Annelida,Palmyra ,1
BHKG-7330,HH05,close,control,no,Annelida,Nereididae,1
BHKG-7331,HH05,close,control,no,Annelida,Eunicidae,1
BHKG-7332,HH05,close,control,no,Arthropoda,Corophiidae,1
BHKG-7333,HH05,close,control,no,Annelida,Phascolosoma,1
BHKG-7334,HH05,close,control,no,Annelida,Phascolosoma,1
BHKG-7335,HH05,close,control,no,Annelida,Phascolosoma,1
BHKG-7336,HH05,close,control,no,Arthropoda,Enosteoides ,1
BHKG-7337,HH05,close,control,no,Annelida,Nereididae,1
BHKG-7338,HH05,close,control,no,Arthropoda,Corophiidae,1
BHKG-7339,HH05,close,control,no,Annelida,Serpulidae,1
BHKG-7340,HH05,close,control,no,Annelida,Syllidae,1
BHKG-7341,HH05,close,control,no,Annelida,Palmyra ,1
BHKG-7342,HH05,close,control,no,Annelida,Armandia,1
BHKG-7343,HH05,close,control,no,Annelida,Perinereis ,1
BHKG-7344,HH05,close,control,no,Annelida,Palmyra ,1
BHKG-7345,HH05,close,control,no,Arthropoda,Pachycheles ,1
BHKG-7346,HH05,close,control,no,Annelida,Phascolosoma,1
BHKG-7347,HH05,close,control,no,Arthropoda,Pilumnidae,1
BHKG-7348,HH05,close,control,no,Arthropoda,Liomera ,1
BHKG-7349,HH05,close,control,no,Annelida,Eunicidae,1
BHKG-7350,HH05,close,control,no,Annelida,Syllidae,1
BHKG-7351,HH05,close,control,no,Annelida,Phascolosoma,1
BHKG-7352,HH05,close,control,no,Annelida,Phascolosoma,1
BHKG-7353,HH05,close,control,no,Annelida,Phascolosoma,1
BHKG-7354,HH05,close,control,no,Annelida,Phascolosoma,1
BHKG-7355,HH05,close,control,no,Annelida,Phascolosoma,1
BHKG-7357,HH05,close,control,no,Annelida,Phascolosoma,1
BHKG-7358,HH05,close,control,no,Annelida,Phascolosoma,1
BHKG-7359,HH05,close,control,no,Annelida,Phascolosoma,1
BHKG-7360,HH05,close,control,no,Annelida,Phascolosoma,1
BHKG-7361,HH05,close,control,no,Annelida,Phascolosoma,1
BHKG-7362,HH05,close,control,no,Annelida,Dorvilleidae,1
BHKG-7363,HH05,close,control,no,Annelida,Phascolosoma,1
BHKG-7364,HH05,close,control,no,Annelida,Lumbrineris ,1
BHKG-7365,HH05,close,control,no,Annelida,Lumbrineris ,1
BHKG-7366,HH05,close,control,no,Annelida,Lepidonotus,1
BHKG-7367,HH05,close,control,no,Annelida,Phascolosoma,1
BHKG-7368,HH05,close,control,no,Annelida,Phascolosoma,1
BHKG-7369,HH05,close,control,no,Annelida,Lumbrineris ,1
BHKG-7370,HH05,close,control,no,Annelida,Nereididae,1
BHKG-7371,HH05,close,control,no,Annelida,Phascolosoma,1
BHKG-7372,HH05,close,control,no,Annelida,Lumbrineris ,1
BHKG-7373,HH05,close,control,no,Annelida,Lumbrineris ,1
BHKG-7374,HH05,close,control,no,Annelida,Phascolosoma,1
BHKG-7375,HH05,close,control,no,Annelida,Polynoidae,1
BHKG-7376,HH05,close,control,no,Annelida,Phascolosoma,1
BHKG-7377,HH15,middle,poly,acroporapavonaplatygyra,Arthropoda,Chlorodiella ,4
BHKG-7378,HH15,middle,poly,acroporapavonaplatygyra,Arthropoda,Lissoporcellana ,25
BHKG-7379,HH15,middle,poly,acroporapavonaplatygyra,Arthropoda,Galathea ,10
BHKG-7380,HH15,middle,poly,acroporapavonaplatygyra,Arthropoda,Medaeops ,1
BHKG-7381,HH15,middle,poly,acroporapavonaplatygyra,Arthropoda,Thalamita ,1
BHKG-7382,HH15,middle,poly,acroporapavonaplatygyra,Arthropoda,Thalamita ,1
BHKG-7383,HH15,middle,poly,acroporapavonaplatygyra,Arthropoda,Epiactaea ,2
BHKG-7384,HH15,middle,poly,acroporapavonaplatygyra,Arthropoda,Athanus ,8
BHKG-7385,HH15,middle,poly,acroporapavonaplatygyra,Arthropoda,Maera,2
BHKG-7386,HH15,middle,poly,acroporapavonaplatygyra,Arthropoda,Pilodius ,1
BHKG-7387,HH15,middle,poly,acroporapavonaplatygyra,Arthropoda,Cuapetes,3
BHKG-7388,HH15,middle,poly,acroporapavonaplatygyra,Arthropoda,Alpheus,1
BHKG-7389,HH15,middle,poly,acroporapavonaplatygyra,Arthropoda,Alpheus,2
BHKG-7390,HH15,middle,poly,acroporapavonaplatygyra,Arthropoda,Alpheus,2
BHKG-7391,HH15,middle,poly,acroporapavonaplatygyra,Arthropoda,Alpheus,2
BHKG-7392,HH15,middle,poly,acroporapavonaplatygyra,Arthropoda,Alpheus,1
BHKG-7393,HH15,middle,poly,acroporapavonaplatygyra,Arthropoda,Alpheus,2
BHKG-7394,HH15,middle,poly,acroporapavonaplatygyra,Chordata,Priolepis,1
BHKG-7395,HH15,middle,poly,acroporapavonaplatygyra,Chordata,Eviota,12
BHKG-7396,HH15,middle,poly,acroporapavonaplatygyra,Mollusca,Barbatia,4
BHKG-7397,HH15,middle,poly,acroporapavonaplatygyra,Mollusca,Clanculus,1
BHKG-7398,HH15,middle,poly,acroporapavonaplatygyra,Mollusca,Hybochelus ,1
BHKG-7399,HH15,middle,poly,acroporapavonaplatygyra,Mollusca,Striarca ,1
BHKG-7400,HH15,middle,poly,acroporapavonaplatygyra,Mollusca,Plicatula,6
BHKG-7401,HH15,middle,poly,acroporapavonaplatygyra,Mollusca,Diodora,1
BHKG-7402,HH15,middle,poly,acroporapavonaplatygyra,Arthropoda,Pagurixus ,6
BHKG-7403,HH15,middle,poly,acroporapavonaplatygyra,Mollusca,Polyplacophora,1
BHKG-7404,HH15,middle,poly,acroporapavonaplatygyra,Mollusca,Ergalatax ,30
BHKG-7405,HH15,middle,poly,acroporapavonaplatygyra,Mollusca,Engina ,7
BHKG-7406,HH15,middle,poly,acroporapavonaplatygyra,Echinodermata,Ophiactis ,3
BHKG-7407,HH15,middle,poly,acroporapavonaplatygyra,Arthropoda,Brachyura,1
BHKG-7408,HH05,close,control,no,Arthropoda,Galathea ,14
BHKG-7409,HH05,close,control,no,Arthropoda,Chlorodiella ,2
BHKG-7410,HH05,close,control,no,Arthropoda,Acteodes ,1
BHKG-7411,HH05,close,control,no,Arthropoda,Lissoporcellana ,30
BHKG-7412,HH05,close,control,no,Arthropoda,Epiactaea ,1
BHKG-7413,HH05,close,control,no,Arthropoda,Novactaea ,1
BHKG-7414,HH05,close,control,no,Arthropoda,Medaeops ,1
BHKG-7415,HH05,close,control,no,Arthropoda,Pilodius ,6
BHKG-7416,HH05,close,control,no,Arthropoda,Leptodius,1
BHKG-7417,HH05,close,control,no,Arthropoda,Alpheus,2
BHKG-7418,HH05,close,control,no,Arthropoda,Alpheus,1
BHKG-7419,HH05,close,control,no,Arthropoda,Alpheus,2
BHKG-7420,HH05,close,control,no,Arthropoda,Alpheus,1
BHKG-7421,HH05,close,control,no,Arthropoda,Alpheus,1
BHKG-7422,HH05,close,control,no,Arthropoda,Lysmata ,2
BHKG-7423,HH05,close,control,no,Arthropoda,Cuapetes,7
BHKG-7424,HH05,close,control,no,Arthropoda,Alpheus,2
BHKG-7425,HH05,close,control,no,Arthropoda,Athanus ,2
BHKG-7426,HH05,close,control,no,Arthropoda,Athanus ,3
BHKG-7427,HH05,close,control,no,Chordata,Priolepis,3
BHKG-7428,HH05,close,control,no,Chordata,Tridentiger ,1
BHKG-7429,HH05,close,control,no,Chordata,Eviota,9
BHKG-7430,HH05,close,control,no,Chordata,Istigobius,1
BHKG-7431,HH05,close,control,no,Mollusca,Goniobranchus ,1
BHKG-7432,HH05,close,control,no,Arthropoda,Brachyura,1
BHKG-7433,HH05,close,control,no,Arthropoda,Brachyura,1
BHKG-7434,HH05,close,control,no,Mollusca,Purpuradusta ,1
BHKG-7435,HH05,close,control,no,Mollusca,Polyplacophora,1
BHKG-7436,HH05,close,control,no,Mollusca,Cerithium ,2
BHKG-7437,HH05,close,control,no,Mollusca,Septifer ,7
BHKG-7438,HH05,close,control,no,Mollusca,Laevichlamys ,3
BHKG-7439,HH05,close,control,no,Mollusca,Clanculus,1
BHKG-7440,HH05,close,control,no,Mollusca,Ergalatax ,17
BHKG-7441,HH05,close,control,no,Mollusca,Drupella ,6
BHKG-7442,HH05,close,control,no,Mollusca,Engina ,8
BHKG-7443,HH05,close,control,no,Mollusca,Mesodesmatidae,1
BHKG-7444,HH05,close,control,no,Mollusca,Barbatia,7
BHKG-7445,HH05,close,control,no,Echinodermata,Ophiuroidea,3
BHKG-7446,HH05,close,control,no,Echinodermata,Ophiactis ,2
BHKG-7447,HH05,close,control,no,Arthropoda,Brachyura,1
BHKG-7448,HH05,close,control,no,Mollusca,Nassarius ,3
BHKG-7449,HH05,close,control,no,Mollusca,Mitrella ,3
BHKG-7450,HH05,close,control,no,Arthropoda,Alpheus,1
BHKG-7451,HH05,close,control,no,Arthropoda,Thor ,5
BHKG-7469,HH05,close,control,no,Annelida,Phascolosoma,1
BHKG-7470,HH05,close,control,no,Annelida,Flabelligera,1
BHKG-7471,HH05,close,control,no,Annelida,Dorvilleidae,1
BHKG-7472,HH05,close,control,no,Annelida,Phascolosoma,1
BHKG-7473,HH05,close,control,no,Annelida,Armandia,1
BHKG-7474,HH05,close,control,no,Annelida,Nereididae,1
BHKG-7475,HH05,close,control,no,Mollusca,Patelloida ,1
BHKG-7476,HH05,close,control,no,Arthropoda,Areopaguristes,33
BHKG-7477,HH05,close,control,no,Arthropoda,Pagurixus ,10
BHKG-7478,HH05,close,control,no,Arthropoda,Pagurus,1
BHKG-7479,HH11,middle,control,no,Chordata,Gobiidae,1
BHKG-7480,HH11,middle,control,no,Arthropoda,Areopaguristes,3
BHKG-7481,HH11,middle,control,no,Annelida,Phyllodoce,1
BHKG-7482,HH11,middle,control,no,Annelida,Phascolosoma,1
BHKG-7483,HH11,middle,control,no,Annelida,Phascolosoma,1
BHKG-7484,HH11,middle,control,no,Annelida,Phascolosoma,1
BHKG-7485,HH11,middle,control,no,Annelida,Nematonereis,1
BHKG-7486,HH11,middle,control,no,Annelida,Eunicidae,1
BHKG-7487,HH11,middle,control,no,Annelida,Phascolosoma,1
BHKG-7488,HH11,middle,control,no,Annelida,Phascolosoma,1
BHKG-7489,HH11,middle,control,no,Annelida,Phascolosoma,1
BHKG-7490,HH11,middle,control,no,Annelida,Spionidae,1
BHKG-7491,HH11,middle,control,no,Annelida,Eunicidae,1
BHKG-7492,HH11,middle,control,no,Annelida,Syllidae,1
BHKG-7493,HH11,middle,control,no,Annelida,Phascolosoma,1
BHKG-7494,HH11,middle,control,no,Annelida,Phascolosoma,1
BHKG-7495,HH11,middle,control,no,Annelida,Phascolosoma,1
BHKG-7496,HH11,middle,control,no,Annelida,Phascolosoma,1
BHKG-7497,HH11,middle,control,no,Annelida,Leocrates ,1
BHKG-7498,HH11,middle,control,no,Annelida,Nematonereis,1
BHKG-7499,HH11,middle,control,no,Annelida,Phascolosoma,1
BHKG-7500,HH11,middle,control,no,Annelida,Spionidae,1
BHKG-7501,HH07,close,control,no,Annelida,Palmyra ,1
BHKG-7502,HH07,close,control,no,Annelida,Phascolosoma,1
BHKG-7503,HH07,close,control,no,Annelida,Phascolosoma,1
BHKG-7504,HH07,close,control,no,Annelida,Phascolosoma,1
BHKG-7505,HH07,close,control,no,Annelida,Phascolosoma,1
BHKG-7506,HH07,close,control,no,Annelida,Phascolosoma,1
BHKG-7507,HH07,close,control,no,Annelida,Phascolosoma,1
BHKG-7508,HH07,close,control,no,Annelida,Phascolosoma,1
BHKG-7509,HH07,close,control,no,Annelida,Eunicidae,1
BHKG-7510,HH07,close,control,no,Annelida,Glyceridae,1
BHKG-7511,HH07,close,control,no,Platyhelminthes,Polycladida,1
BHKG-7512,HH07,close,control,no,Chordata,Lancelet,1
BHKG-7513,HH07,close,control,no,Annelida,Phascolosoma,1
BHKG-7514,HH07,close,control,no,Annelida,Phascolosoma,1
BHKG-7515,HH07,close,control,no,Arthropoda,Chlorodiella ,2
BHKG-7516,HH07,close,control,no,Arthropoda,Thalamita ,1
BHKG-7517,HH07,close,control,no,Arthropoda,Medaeops ,2
BHKG-7518,HH07,close,control,no,Arthropoda,Galathea ,8
BHKG-7519,HH07,close,control,no,Arthropoda,Pilodius ,7
BHKG-7520,HH07,close,control,no,Arthropoda,Epiactaea ,3
BHKG-7521,HH07,close,control,no,Arthropoda,Pisidia ,2
BHKG-7522,HH07,close,control,no,Arthropoda,Brachyura,1
BHKG-7523,HH07,close,control,no,Arthropoda,Lissoporcellana ,13
BHKG-7524,HH07,close,control,no,Arthropoda,Athanus ,1
BHKG-7525,HH07,close,control,no,Arthropoda,Athanus ,1
BHKG-7526,HH07,close,control,no,Arthropoda,Brachyura,1
BHKG-7527,HH07,close,control,no,Arthropoda,Alpheus,1
BHKG-7528,HH07,close,control,no,Arthropoda,Alpheus,1
BHKG-7529,HH07,close,control,no,Arthropoda,Thor ,2
BHKG-7530,HH07,close,control,no,Arthropoda,Alpheus,1
BHKG-7531,HH07,close,control,no,Arthropoda,Alpheus,1
BHKG-7532,HH07,close,control,no,Mollusca,Drupella ,3
BHKG-7533,HH07,close,control,no,Mollusca,Ergalatax ,5
BHKG-7534,HH07,close,control,no,Mollusca,Engina ,14
BHKG-7535,HH07,close,control,no,Arthropoda,Cuapetes,7
BHKG-7536,HH07,close,control,no,Echinodermata,Ophiuroidea,2
BHKG-7537,HH07,close,control,no,Echinodermata,Ophiactis ,2
BHKG-7538,HH07,close,control,no,Mollusca,Clanculus,2
BHKG-7539,HH07,close,control,no,Mollusca,Clanculus,2
BHKG-7540,HH07,close,control,no,Mollusca,Ephippodonta ,4
BHKG-7541,HH07,close,control,no,Chordata,Priolepis,2
BHKG-7542,HH07,close,control,no,Chordata,Istigobius,1
BHKG-7543,HH07,close,control,no,Chordata,Eviota,14
BHKG-7544,HH07,close,control,no,Mollusca,Cerithium traillii,3
BHKG-7545,HH07,close,control,no,Mollusca,Purpuradusta ,1
BHKG-7546,HH07,close,control,no,Mollusca,Barbatia,1
BHKG-7547,HH07,close,control,no,Mollusca,Mitrella ,5
BHKG-7548,HH07,close,control,no,Mollusca,Nassarius ,5
BHKG-7549,HH07,close,control,no,Mollusca,Euplica ,2
BHKG-7550,HH07,close,control,no,Arthropoda,Pilumnidae,1
BHKG-7551,HH11,middle,control,no,Arthropoda,Chlorodiella ,3
BHKG-7552,HH11,middle,control,no,Arthropoda,Thalamita ,1
BHKG-7553,HH11,middle,control,no,Arthropoda,Galathea ,17
BHKG-7554,HH11,middle,control,no,Arthropoda,Liomera ,2
BHKG-7555,HH11,middle,control,no,Arthropoda,Lissoporcellana ,13
BHKG-7556,HH11,middle,control,no,Arthropoda,Medaeops ,1
BHKG-7557,HH11,middle,control,no,Arthropoda,Pilumnidae,3
BHKG-7558,HH11,middle,control,no,Arthropoda,Pilodius ,9
BHKG-7559,HH11,middle,control,no,Arthropoda,Epiactaea ,1
BHKG-7560,HH11,middle,control,no,Arthropoda,Novactaea ,1
BHKG-7561,HH07,close,control,no,Annelida,Eurythoe,1
BHKG-7562,HH07,close,control,no,Annelida,Leocrates ,1
BHKG-7563,HH07,close,control,no,Annelida,Eunicidae,1
BHKG-7564,HH07,close,control,no,Annelida,Phascolosoma,1
BHKG-7565,HH07,close,control,no,Annelida,Dorvilleidae,1
BHKG-7566,HH07,close,control,no,Annelida,Phascolosoma,1
BHKG-7567,HH07,close,control,no,Annelida,Phascolosoma,1
BHKG-7568,HH07,close,control,no,Annelida,Phascolosoma,1
BHKG-7569,HH07,close,control,no,Annelida,Phascolosoma,1
BHKG-7570,HH07,close,control,no,Annelida,Phascolosoma,1
BHKG-7571,HH07,close,control,no,Annelida,Phascolosoma,1
BHKG-7572,HH07,close,control,no,Annelida,Phascolosoma,1
BHKG-7573,HH07,close,control,no,Annelida,Phascolosoma,1
BHKG-7575,HH07,close,control,no,Annelida,Nereididae,1
BHKG-7576,HH07,close,control,no,Annelida,Eunicidae,1
BHKG-7577,HH07,close,control,no,Annelida,Cirratulidae,1
BHKG-7578,HH07,close,control,no,Annelida,Nematonereis,1
BHKG-7579,HH07,close,control,no,Annelida,Lepidonotus,1
BHKG-7580,HH07,close,control,no,Annelida,Nematonereis,1
BHKG-7581,HH07,close,control,no,Annelida,Dorvilleidae,1
BHKG-7582,HH07,close,control,no,Annelida,Eurythoe,1
BHKG-7583,HH11,middle,control,no,Mollusca,Mesodesmatidae,1
BHKG-7584,HH07,close,control,no,Mollusca,Barbatia,1
BHKG-7585,HH11,middle,control,no,Annelida,Phascolosoma,1
BHKG-7586,HH11,middle,control,no,Annelida,Phascolosoma,1
BHKG-7587,HH11,middle,control,no,Annelida,Phascolosoma,1
BHKG-7588,HH07,close,control,no,Mollusca,Lepidozona ,1
BHKG-7589,HH07,close,control,no,Arthropoda,Pagurixus ,4
BHKG-7590,HH07,close,control,no,Arthropoda,Boninpagurus ,2
BHKG-7591,HH07,close,control,no,Arthropoda,Areopaguristes,63
BHKG-7592,HH07,close,control,no,Mollusca,Mitrella ,2
BHKG-7593,HH11,middle,control,no,Arthropoda,Areopaguristes,3
BHKG-7607,HH11,middle,control,no,Arthropoda,Corophiidae,2
BHKG-7608,HH11,middle,control,no,Arthropoda,Cuapetes,5
BHKG-7609,HH11,middle,control,no,Arthropoda,Thor ,2
BHKG-7610,HH11,middle,control,no,Arthropoda,Athanus ,4
BHKG-7611,HH11,middle,control,no,Arthropoda,Synalpheus,2
BHKG-7612,HH11,middle,control,no,Arthropoda,Lysmata ,2
BHKG-7613,HH11,middle,control,no,Arthropoda,Alpheus,3
BHKG-7614,HH11,middle,control,no,Arthropoda,Alpheus,4
BHKG-7615,HH11,middle,control,no,Chordata,Priolepis,3
BHKG-7616,HH11,middle,control,no,Arthropoda,Leptodius ,1
BHKG-7617,HH11,middle,control,no,Chordata,Istigobius,1
BHKG-7618,HH11,middle,control,no,Chordata,Istigobius,1
BHKG-7619,HH11,middle,control,no,Chordata,Gobiidae,1
BHKG-7620,HH11,middle,control,no,Chordata,Eviota,12
BHKG-7621,HH11,middle,control,no,Arthropoda,Leptodius ,1
BHKG-7622,HH11,middle,control,no,Arthropoda,Brachyura,1
BHKG-7623,HH11,middle,control,no,Mollusca,Engina ,9
BHKG-7624,HH11,middle,control,no,Echinodermata,Ophiactis ,4
BHKG-7625,HH11,middle,control,no,Mollusca,Diodora,6
BHKG-7626,HH11,middle,control,no,Mollusca,Pinctada ,1
BHKG-7627,HH11,middle,control,no,Mollusca,Striarca ,6
BHKG-7628,HH11,middle,control,no,Mollusca,Septifer ,1
BHKG-7629,HH11,middle,control,no,Mollusca,Barbatia,6
BHKG-7630,HH11,middle,control,no,Mollusca,Plicatula,6
BHKG-7631,HH11,middle,control,no,Mollusca,Ergalatax ,25
BHKG-7632,HH11,middle,control,no,Mollusca,Mitrella ,1
BHKG-7633,HH11,middle,control,no,Mollusca,Hybochelus ,1
BHKG-7634,HH11,middle,control,no,Mollusca,Ethadiella ,1
BHKG-7635,HH11,middle,control,no,Mollusca,Mesodesmatidae,3
BHKG-7636,HH11,middle,control,no,Mollusca,Stosicia ,1
BHKG-7637,HH11,middle,control,no,Mollusca,Seila ,2
BHKG-7638,HH11,middle,control,no,Mollusca,Bivalvia,1
BHKG-7653,HH04,close,mono,acropora,Annelida,Perinereis ,2
BHKG-7654,HH04,close,mono,acropora,Annelida,Lysidice,1
BHKG-7655,HH04,close,mono,acropora,Chordata,Istigobius,2
BHKG-7656,HH04,close,mono,acropora,Annelida,Lepidonotus,1
BHKG-7657,HH04,close,mono,acropora,Annelida,Syllidae,1
BHKG-7658,HH04,close,mono,acropora,Nemertea,Nemertea,1
BHKG-7659,HH04,close,mono,acropora,Annelida,Syllidae,1
BHKG-7660,HH04,close,mono,acropora,Annelida,Leocrates ,1
BHKG-7661,HH04,close,mono,acropora,Annelida,Lepidonotus,2
BHKG-7662,HH04,close,mono,acropora,Annelida,Lysidice,1
BHKG-7663,HH04,close,mono,acropora,Annelida,Eurythoe,1
BHKG-7664,HH04,close,mono,acropora,Annelida,Eurythoe,1
BHKG-7665,HH04,close,mono,acropora,Annelida,Polychaeta,1
BHKG-7666,HH04,close,mono,acropora,Annelida,Eunicidae,1
BHKG-7667,HH04,close,mono,acropora,Annelida,notSure,1
BHKG-7668,HH04,close,mono,acropora,Annelida,Phascolosoma,8
BHKG-7669,HH03,close,mono,acropora,Arthropoda,Etisus ,1
BHKG-7670,HH03,close,mono,acropora,Annelida,Lysidice,1
BHKG-7671,HH03,close,mono,acropora,Annelida,Lepidonotus,1
BHKG-7672,HH03,close,mono,acropora,Annelida,Armandia,1
BHKG-7673,HH03,close,mono,acropora,Annelida,Leocrates ,1
BHKG-7674,HH03,close,mono,acropora,Annelida,Lepidonotus,1
BHKG-7675,HH03,close,mono,acropora,Annelida,Syllidae,1
BHKG-7676,HH03,close,mono,acropora,Annelida,Nereididae,1
BHKG-7677,HH03,close,mono,acropora,Annelida,Nereididae,1
BHKG-7678,HH03,close,mono,acropora,Annelida,Eunicidae,1
BHKG-7679,HH03,close,mono,acropora,Annelida,Syllidae,1
BHKG-7680,HH03,close,mono,acropora,Annelida,Flabelligera,1
BHKG-7681,HH03,close,mono,acropora,Annelida,Armandia,1
BHKG-7682,HH03,close,mono,acropora,Annelida,Leocrates ,1
BHKG-7683,HH03,close,mono,acropora,Annelida,Eunicidae,1
BHKG-7684,HH03,close,mono,acropora,Annelida,notSure,1
BHKG-7685,HH03,close,mono,acropora,Annelida,Syllidae,1
BHKG-7686,HH03,close,mono,acropora,Annelida,Lysidice,1
BHKG-7687,HH03,close,mono,acropora,Annelida,Phascolosoma,17
BHKG-7699,HH04,close,mono,acropora,Arthropoda,Alpheus,2
BHKG-7700,HH04,close,mono,acropora,Arthropoda,Liomera ,2
BHKG-7701,HH04,close,mono,acropora,Arthropoda,Alpheus,1
BHKG-7702,HH04,close,mono,acropora,Arthropoda,Athanus ,2
BHKG-7703,HH04,close,mono,acropora,Arthropoda,Athanus ,4
BHKG-7704,HH04,close,mono,acropora,Arthropoda,Chlorodiella ,3
BHKG-7705,HH04,close,mono,acropora,Arthropoda,Galathea ,14
BHKG-7706,HH04,close,mono,acropora,Arthropoda,Lissoporcellana ,4
BHKG-7707,HH04,close,mono,acropora,Arthropoda,Lysmata ,2
BHKG-7708,HH04,close,mono,acropora,Arthropoda,Enosteoides ,3
BHKG-7709,HH04,close,mono,acropora,Arthropoda,Epiactaea ,2
BHKG-7710,HH04,close,mono,acropora,Arthropoda,Epialtidae,1
BHKG-7711,HH04,close,mono,acropora,Arthropoda,Pilumnidae,9
BHKG-7712,HH04,close,mono,acropora,Arthropoda,Thalamita ,1
BHKG-7713,HH04,close,mono,acropora,Arthropoda,Acteodes ,1
BHKG-7714,HH04,close,mono,acropora,Chordata,Priolepis,3
BHKG-7715,HH04,close,mono,acropora,Chordata,Gobiidae,1
BHKG-7716,HH04,close,mono,acropora,Chordata,Eviota,14
BHKG-7717,HH04,close,mono,acropora,Arthropoda,Thor ,1
BHKG-7718,HH04,close,mono,acropora,Arthropoda,Medaeops ,3
BHKG-7719,HH04,close,mono,acropora,Arthropoda,Pilodius ,10
BHKG-7720,HH04,close,mono,acropora,Echinodermata,Ophiactis ,1
BHKG-7721,HH04,close,mono,acropora,Echinodermata,Ophiuroidea,2
BHKG-7722,HH04,close,mono,acropora,Mollusca,Kellia,1
BHKG-7723,HH04,close,mono,acropora,Mollusca,Scintilla ,2
BHKG-7724,HH04,close,mono,acropora,Mollusca,Clanculus,1
BHKG-7725,HH04,close,mono,acropora,Mollusca,Hybochelus ,1
BHKG-7726,HH04,close,mono,acropora,Mollusca,Mitrella ,1
BHKG-7727,HH04,close,mono,acropora,Mollusca,Drupella ,9
BHKG-7728,HH04,close,mono,acropora,Mollusca,Engina ,4
BHKG-7729,HH04,close,mono,acropora,Mollusca,Euplica ,4
BHKG-7730,HH04,close,mono,acropora,Mollusca,Ergalatax ,11
BHKG-7731,HH04,close,mono,acropora,Mollusca,Laevichlamys ,1
BHKG-7732,HH04,close,mono,acropora,Mollusca,Ephippodonta ,1
BHKG-7733,HH04,close,mono,acropora,Mollusca,Ruditapes,1
BHKG-7734,HH03,close,mono,acropora,Arthropoda,Liomera ,1
BHKG-7735,HH03,close,mono,acropora,Arthropoda,Thalamita ,1
BHKG-7736,HH03,close,mono,acropora,Arthropoda,Thalamita ,1
BHKG-7737,HH03,close,mono,acropora,Arthropoda,Chlorodiella ,5
BHKG-7738,HH03,close,mono,acropora,Arthropoda,Medaeops ,2
BHKG-7739,HH03,close,mono,acropora,Arthropoda,Galathea ,6
BHKG-7740,HH03,close,mono,acropora,Arthropoda,Lissoporcellana ,15
BHKG-7741,HH03,close,mono,acropora,Arthropoda,Pilodius ,3
BHKG-7742,HH03,close,mono,acropora,Arthropoda,Epiactaea ,1
BHKG-7743,HH03,close,mono,acropora,Arthropoda,Pisidia ,4
BHKG-7744,HH03,close,mono,acropora,Arthropoda,Enosteoides ,1
BHKG-7837,HH03,close,mono,acropora,Arthropoda,Pilumnidae,1
BHKG-7838,HH03,close,mono,acropora,Arthropoda,Pilodius ,9
BHKG-7839,HH03,close,mono,acropora,Arthropoda,Alpheus,2
BHKG-7840,HH03,close,mono,acropora,Arthropoda,Alpheus,3
BHKG-7841,HH03,close,mono,acropora,Arthropoda,Alpheus,3
BHKG-7842,HH03,close,mono,acropora,Arthropoda,Cuapetes,6
BHKG-7843,HH03,close,mono,acropora,Arthropoda,Athanus ,4
BHKG-7844,HH03,close,mono,acropora,Arthropoda,Thor ,1
BHKG-7845,HH03,close,mono,acropora,Arthropoda,Lysmata ,1
BHKG-7846,HH03,close,mono,acropora,Chordata,Priolepis,2
BHKG-7847,HH03,close,mono,acropora,Chordata,Eviota,10
BHKG-7848,HH03,close,mono,acropora,Mollusca,Ergalatax ,19
BHKG-7849,HH03,close,mono,acropora,Mollusca,Drupella ,6
BHKG-7850,HH03,close,mono,acropora,Mollusca,Cerithium traillii,1
BHKG-7851,HH03,close,mono,acropora,Mollusca,Engina ,15
BHKG-7852,HH03,close,mono,acropora,Mollusca,Indothais ,2
BHKG-7853,HH03,close,mono,acropora,Mollusca,Clanculus,2
BHKG-7854,HH03,close,mono,acropora,Mollusca,Clanculus,1
BHKG-7855,HH03,close,mono,acropora,Mollusca,Barbatia,2
BHKG-7856,HH03,close,mono,acropora,Mollusca,Plicatula,4
BHKG-7857,HH03,close,mono,acropora,Mollusca,Diodora,5
BHKG-7858,HH04,close,mono,acropora,Arthropoda,Areopaguristes,3
BHKG-7859,HH04,close,mono,acropora,Arthropoda,Pagurixus ,3
BHKG-7860,HH04,close,mono,acropora,Arthropoda,Tanaidacea,22
BHKG-7861,HH04,close,mono,acropora,Mollusca,Stosicia ,4
BHKG-7862,HH04,close,mono,acropora,Mollusca,Seila ,1
BHKG-7863,HH03,close,mono,acropora,Mollusca,Cerithium ,6
BHKG-7864,HH03,close,mono,acropora,Echinodermata,Ophiuroidea,1
BHKG-7865,HH03,close,mono,acropora,Mollusca,Kellia,1
BHKG-7866,HH03,close,mono,acropora,Mollusca,Nassarius ,6
BHKG-7867,HH03,close,mono,acropora,Mollusca,Seila ,5
BHKG-7868,HH03,close,mono,acropora,Mollusca,Stosicia ,2
BHKG-7869,HH03,close,mono,acropora,Arthropoda,Ericthonius,2
BHKG-7870,HH03,close,mono,acropora,Arthropoda,Corophiidae,1
BHKG-7871,HH03,close,mono,acropora,Arthropoda,Melita,1
BHKG-7872,HH04,close,mono,acropora,Mollusca,Isnochiton ,2
BHKG-7873,HH04,close,mono,acropora,Arthropoda,Corophiidae,1
BHKG-7874,HH03,close,mono,acropora,Mollusca,Mitrella ,10
BHKG-7875,HH03,close,mono,acropora,Mollusca,Lepidozona ,1
BHKG-7876,HH04,close,mono,acropora,Arthropoda,Cuapetes,4
BHKG-7877,HH04,close,mono,acropora,Arthropoda,Thor ,2
BHKG-7878,HH04,close,mono,acropora,Annelida,Iphione,1
BHKG-7879,HH03,close,mono,acropora,Arthropoda,Tanaidacea,36
BHKG-7880,HH03,close,mono,acropora,Arthropoda,Areopaguristes,32
BHKG-7881,HH03,close,mono,acropora,Echinodermata,Ophiactis ,1
BHKG-7882,HH03,close,mono,acropora,Mollusca,Clanculus,1
BHKG-7883,HH03,close,mono,acropora,Mollusca,Cerithium traillii,1
BHKG-7884,HH03,close,mono,acropora,Arthropoda,Pagurixus ,7
BHKG-7885,HH03,close,mono,acropora,Arthropoda,Pagurus,4
BHKG-7886,HH18,far,mono,acropora,Arthropoda,Chlorodiella ,2
BHKG-7887,HH18,far,mono,acropora,Arthropoda,Epiactaea ,3
BHKG-7888,HH18,far,mono,acropora,Arthropoda,Galathea ,18
BHKG-7889,HH18,far,mono,acropora,Arthropoda,Lissoporcellana ,13
BHKG-7890,HH18,far,mono,acropora,Arthropoda,Liomera ,1
BHKG-7891,HH18,far,mono,acropora,Arthropoda,Enosteoides ,3
BHKG-7929,HH18,far,mono,acropora,Annelida,Phascolosoma,8
BHKG-7930,HH18,far,mono,acropora,Annelida,Dorvilleidae,1
BHKG-7931,HH18,far,mono,acropora,Annelida,Dorvilleidae,1
BHKG-7932,HH18,far,mono,acropora,Annelida,notSure,1
BHKG-7933,HH18,far,mono,acropora,Annelida,notSure,1
BHKG-7934,HH18,far,mono,acropora,Annelida,Lysidice,1
BHKG-7935,HH18,far,mono,acropora,Annelida,Trypanosyllis,1
BHKG-7936,HH18,far,mono,acropora,Annelida,Nereididae,1
BHKG-7937,HH18,far,mono,acropora,Annelida,Eunicidae,1
BHKG-7938,HH18,far,mono,acropora,Annelida,Syllidae,1
BHKG-7939,HH18,far,mono,acropora,Annelida,Lysidice,1
BHKG-7940,HH18,far,mono,acropora,Annelida,notSure,1
BHKG-7941,HH18,far,mono,acropora,Annelida,notSure,1
BHKG-7942,HH18,far,mono,acropora,Annelida,Leocrates ,1
BHKG-7943,HH13,middle,mono,platygyra,Annelida,Syllidae,1
BHKG-7944,HH13,middle,mono,platygyra,Annelida,Nematonereis,1
BHKG-7945,HH13,middle,mono,platygyra,Annelida,Syllidae,1
BHKG-7946,HH13,middle,mono,platygyra,Annelida,Armandia,1
BHKG-7947,HH13,middle,mono,platygyra,Annelida,Chrysopetalidae,1
BHKG-7948,HH13,middle,mono,platygyra,Annelida,Eunicidae,1
BHKG-7949,HH13,middle,mono,platygyra,Annelida,Phascolosoma,9
BHKG-7950,HH13,middle,mono,platygyra,Annelida,notSure,1
BHKG-7951,HH13,middle,mono,platygyra,Annelida,Dorvilleidae,1
BHKG-7952,HH13,middle,mono,platygyra,Annelida,Syllidae,1
BHKG-7953,HH13,middle,mono,platygyra,Annelida,Syllidae,1
BHKG-7954,HH13,middle,mono,platygyra,Annelida,Nematonereis,1
BHKG-7955,HH13,middle,mono,platygyra,Annelida,notSure,1
BHKG-7956,HH13,middle,mono,platygyra,Annelida,Armandia,1
BHKG-7957,HH13,middle,mono,platygyra,Annelida,Dorvilleidae,1
BHKG-7958,HH13,middle,mono,platygyra,Annelida,Eunicidae,1
BHKG-7959,HH13,middle,mono,platygyra,Annelida,Leocrates ,1
BHKG-7960,HH13,middle,mono,platygyra,Annelida,Polynoidae,1
BHKG-7961,HH13,middle,mono,platygyra,Annelida,Eunicidae,1
BHKG-7962,HH13,middle,mono,platygyra,Annelida,Lysidice,1
BHKG-7963,HH13,middle,mono,platygyra,Annelida,Phyllodoce,1
BHKG-7964,HH13,middle,mono,platygyra,Annelida,Phascolosoma,5
BHKG-7965,HH18,far,mono,acropora,Annelida,Phascolosoma,5
BHKG-7966,HH18,far,mono,acropora,Mollusca,Isnochiton ,2
BHKG-7967,HH18,far,mono,acropora,Mollusca,Brachidontes,2
BHKG-7968,HH18,far,mono,acropora,Mollusca,Seila ,4
BHKG-7969,HH18,far,mono,acropora,Mollusca,Cerithium traillii,1
BHKG-7970,HH18,far,mono,acropora,Mollusca,Barbatia,1
BHKG-7971,HH06,close,mono,platygyra,Annelida,Phascolosoma,6
BHKG-7972,HH06,close,mono,platygyra,Annelida,Phascolosoma,5
BHKG-7973,HH06,close,mono,platygyra,Annelida,Cirratulidae,1
BHKG-7974,HH06,close,mono,platygyra,Annelida,Syllidae,1
BHKG-7975,HH18,far,mono,acropora,Arthropoda,Brachyura,1
BHKG-7976,HH18,far,mono,acropora,Arthropoda,Thalamita ,1
BHKG-7977,HH18,far,mono,acropora,Arthropoda,Athanus ,2
BHKG-7978,HH18,far,mono,acropora,Arthropoda,Lysmata ,4
BHKG-7979,HH18,far,mono,acropora,Arthropoda,Cuapetes,3
BHKG-7980,HH18,far,mono,acropora,Arthropoda,Pilodius ,1
BHKG-7981,HH18,far,mono,acropora,Arthropoda,Pilumnidae,6
BHKG-7982,HH18,far,mono,acropora,Arthropoda,Alpheus,1
BHKG-7983,HH18,far,mono,acropora,Arthropoda,Alpheus,1
BHKG-7984,HH18,far,mono,acropora,Arthropoda,Alpheus,1
BHKG-7985,HH18,far,mono,acropora,Arthropoda,Alpheus,1
BHKG-7986,HH18,far,mono,acropora,Arthropoda,Alpheus,1
BHKG-7987,HH18,far,mono,acropora,Arthropoda,Alpheus,1
BHKG-7988,HH18,far,mono,acropora,Mollusca,Ergalatax ,22
BHKG-7989,HH18,far,mono,acropora,Arthropoda,Alpheus,1
BHKG-7990,HH18,far,mono,acropora,Chordata,Priolepis ,2
BHKG-7991,HH18,far,mono,acropora,Chordata,Eviota,9
BHKG-7992,HH18,far,mono,acropora,Mollusca,Purpuradusta ,2
BHKG-7993,HH18,far,mono,acropora,Mollusca,Striarca ,3
BHKG-7994,HH18,far,mono,acropora,Mollusca,Strigatella ,1
BHKG-7995,HH18,far,mono,acropora,Mollusca,Clanculus,1
BHKG-7996,HH18,far,mono,acropora,Mollusca,Engina ,10
BHKG-7997,HH18,far,mono,acropora,Mollusca,Stosicia ,11
BHKG-7998,HH18,far,mono,acropora,Mollusca,Barbatia,7
BHKG-7999,HH06,close,mono,platygyra,Mollusca,Goniobranchus ,1
BHKG-8000,HH06,close,mono,platygyra,Mollusca,Hypselodoris ,1
BHKG-8001,HH06,close,mono,platygyra,Mollusca,Dendrodoris ,1
BHKG-8002,HH06,close,mono,platygyra,Arthropoda,Epiactaea ,2
BHKG-8003,HH06,close,mono,platygyra,Arthropoda,Lissoporcellana ,3
BHKG-8004,HH06,close,mono,platygyra,Arthropoda,Medaeops ,1
BHKG-8005,HH06,close,mono,platygyra,Arthropoda,Thalamita,1
BHKG-8006,HH06,close,mono,platygyra,Arthropoda,Pisidia ,1
BHKG-8007,HH06,close,mono,platygyra,Arthropoda,Galathea ,8
BHKG-8008,HH06,close,mono,platygyra,Mollusca,Limaria ,1
BHKG-8009,HH06,close,mono,platygyra,Echinodermata,Macrophiothrix,1
BHKG-8010,HH06,close,mono,platygyra,Arthropoda,Cuapetes,10
BHKG-8011,HH06,close,mono,platygyra,Mollusca,Engina ,12
BHKG-8012,HH06,close,mono,platygyra,Mollusca,Mitrella ,6
BHKG-8013,HH06,close,mono,platygyra,Arthropoda,Athanus ,2
BHKG-8014,HH06,close,mono,platygyra,Arthropoda,Athanus ,1
BHKG-8015,HH06,close,mono,platygyra,Arthropoda,Alpheus,1
BHKG-8016,HH06,close,mono,platygyra,Arthropoda,Galathea ,2
BHKG-8017,HH06,close,mono,platygyra,Arthropoda,Liomera ,1
BHKG-8018,HH06,close,mono,platygyra,Mollusca,Drupella ,5
BHKG-8019,HH06,close,mono,platygyra,Mollusca,Ergalatax ,22
BHKG-8020,HH06,close,mono,platygyra,Arthropoda,Chlorodiella ,2
BHKG-8021,HH06,close,mono,platygyra,Arthropoda,Lissoporcellana ,4
BHKG-8022,HH06,close,mono,platygyra,Arthropoda,Lysmata ,1
BHKG-8023,HH06,close,mono,platygyra,Arthropoda,Pilumnidae,5
BHKG-8024,HH06,close,mono,platygyra,Arthropoda,Pilodius ,3
BHKG-8025,HH18,far,mono,acropora,Echinodermata,Ophiactis ,1
BHKG-8026,HH18,far,mono,acropora,Echinodermata,Ophiuroidea,1
BHKG-8027,HH18,far,mono,acropora,Mollusca,Erronea ,1
BHKG-8028,HH18,far,mono,acropora,Chordata,Priolepis,2
BHKG-8029,HH18,far,mono,acropora,Chordata,Istigobius,1
BHKG-8030,HH18,far,mono,acropora,Chordata,Istigobius,1
BHKG-8031,HH18,far,mono,acropora,Chordata,Eviota,10
BHKG-8032,HH18,far,mono,acropora,Mollusca,Cerithium traillii,5
BHKG-8033,HH18,far,mono,acropora,Mollusca,Cerithium ,5
BHKG-8034,HH18,far,mono,acropora,Mollusca,Cerithium ,8
BHKG-8035,HH18,far,mono,acropora,Mollusca,Indothais ,1
BHKG-8036,HH18,far,mono,acropora,Mollusca,Nassarius ,3
BHKG-8037,HH18,far,mono,acropora,Mollusca,Clanculus,1
BHKG-8038,HH18,far,mono,acropora,Mollusca,Hybochelus ,6
BHKG-8039,HH18,far,mono,acropora,Mollusca,Barbatia,4
BHKG-8040,HH18,far,mono,acropora,Mollusca,Striarca ,13
BHKG-8041,HH13,middle,mono,platygyra,Arthropoda,Chlorodiella ,2
BHKG-8042,HH13,middle,mono,platygyra,Arthropoda,Lissoporcellana ,25
BHKG-8043,HH13,middle,mono,platygyra,Arthropoda,Medaeops ,3
BHKG-8044,HH13,middle,mono,platygyra,Arthropoda,Epiactaea ,3
BHKG-8045,HH13,middle,mono,platygyra,Arthropoda,Pilumnidae,3
BHKG-8046,HH13,middle,mono,platygyra,Arthropoda,Liomera ,1
BHKG-8047,HH13,middle,mono,platygyra,Arthropoda,Galathea ,10
BHKG-8048,HH13,middle,mono,platygyra,Arthropoda,Alpheus,2
BHKG-8049,HH13,middle,mono,platygyra,Arthropoda,Alpheus,1
BHKG-8050,HH13,middle,mono,platygyra,Arthropoda,Alpheus,4
BHKG-8051,HH13,middle,mono,platygyra,Arthropoda,Lysmata ,2
BHKG-8052,HH13,middle,mono,platygyra,Arthropoda,Athanus ,4
BHKG-8053,HH13,middle,mono,platygyra,Arthropoda,Athanus ,2
BHKG-8054,HH13,middle,mono,platygyra,Arthropoda,Cuapetes,5
BHKG-8055,HH13,middle,mono,platygyra,Mollusca,Ephippodonta ,2
BHKG-8056,HH13,middle,mono,platygyra,Platyhelminthes,Polycladida,1
BHKG-8057,HH13,middle,mono,platygyra,Arthropoda,Enosteoides ,2
BHKG-8058,HH13,middle,mono,platygyra,Chordata,Priolepis,3
BHKG-8059,HH13,middle,mono,platygyra,Chordata,Istigobius,1
BHKG-8060,HH13,middle,mono,platygyra,Chordata,Eviota,10
BHKG-8061,HH13,middle,mono,platygyra,Mollusca,Engina ,15
BHKG-8062,HH13,middle,mono,platygyra,Mollusca,Mitrella ,1
BHKG-8063,HH13,middle,mono,platygyra,Mollusca,Ergalatax ,23
BHKG-8064,HH13,middle,mono,platygyra,Mollusca,Clanculus,1
BHKG-8065,HH13,middle,mono,platygyra,Mollusca,Laevichlamys ,2
BHKG-8066,HH13,middle,mono,platygyra,Arthropoda,Pisidia ,1
BHKG-8067,HH18,far,mono,acropora,Arthropoda,Areopaguristes,8
BHKG-8068,HH18,far,mono,acropora,Arthropoda,Diogenes,1
BHKG-8069,HH18,far,mono,acropora,Arthropoda,Pagurixus ,11
BHKG-8070,HH06,close,mono,platygyra,Mollusca,Cerithium,1
BHKG-8071,HH06,close,mono,platygyra,Arthropoda,Pagurixus ,7
BHKG-8072,HH06,close,mono,platygyra,Arthropoda,Areopaguristes,43
BHKG-8074,HH06,close,mono,platygyra,Annelida,Chrysopetalidae,1
BHKG-8075,HH06,close,mono,platygyra,Mollusca,Scintilla ,1
BHKG-8076,HH06,close,mono,platygyra,Annelida,Syllidae,1
BHKG-8077,HH06,close,mono,platygyra,Annelida,Eunicidae,1
BHKG-8078,HH06,close,mono,platygyra,Annelida,Paleanotus,1
BHKG-8079,HH06,close,mono,platygyra,Annelida,Palmyra ,1
BHKG-8080,HH13,middle,mono,platygyra,Arthropoda,Corophiidae,1
BHKG-8081,HH13,middle,mono,platygyra,Arthropoda,Maera,2
BHKG-8082,HH13,middle,mono,platygyra,Mollusca,Diodora,1
BHKG-8083,HH13,middle,mono,platygyra,Arthropoda,Areopaguristes,16
BHKG-8084,HH13,middle,mono,platygyra,Arthropoda,Pagurixus ,3
BHKG-8085,HH13,middle,mono,platygyra,Arthropoda,Pagurus,1
BHKG-8086,HH10,middle,mix,acroporaplatygyra,Annelida,Branchiomma,2
BHKG-8087,HH10,middle,mix,acroporaplatygyra,Mollusca,Bittium  ,1
BHKG-8088,HH10,middle,mix,acroporaplatygyra,Arthropoda,Pagurixus ,6
BHKG-8089,HH10,middle,mix,acroporaplatygyra,Annelida,Phascolosoma,5
BHKG-8090,HH10,middle,mix,acroporaplatygyra,Annelida,Phascolosoma,14
BHKG-8091,HH10,middle,mix,acroporaplatygyra,Annelida,Phascolosoma,6
BHKG-8092,HH10,middle,mix,acroporaplatygyra,Annelida,Phascolosoma,1
BHKG-8093,HH10,middle,mix,acroporaplatygyra,Arthropoda,Tanaidacea,1
BHKG-8094,HH10,middle,mix,acroporaplatygyra,Arthropoda,Pagurus,3
BHKG-8095,HH10,middle,mix,acroporaplatygyra,Arthropoda,Boninpagurus ,1
BHKG-8096,HH10,middle,mix,acroporaplatygyra,Arthropoda,Diogenes,1
BHKG-8097,HH10,middle,mix,acroporaplatygyra,Arthropoda,Areopaguristes,13
BHKG-8098,HH24,far,mono,platygyra,Annelida,Phascolosoma,9
BHKG-8099,HH24,far,mono,platygyra,Annelida,Leocrates ,1
BHKG-8100,HH24,far,mono,platygyra,Arthropoda,Areopaguristes,7
BHKG-8101,HH24,far,mono,platygyra,Arthropoda,Boninpagurus ,2
BHKG-8102,HH24,far,mono,platygyra,Arthropoda,Pagurus,1
BHKG-8103,HH24,far,mono,platygyra,Arthropoda,Diogenes,1
BHKG-8104,HH24,far,mono,platygyra,Arthropoda,Pagurixus ,5
BHKG-8105,HH16,middle,mix,acroporaplatygyra,Annelida,Eunicidae,1
BHKG-8106,HH16,middle,mix,acroporaplatygyra,Platyhelminthes,Polycladida,1
BHKG-8107,HH16,middle,mix,acroporaplatygyra,Annelida,Syllidae,1
BHKG-8108,HH16,middle,mix,acroporaplatygyra,Annelida,Phascolosoma,1
BHKG-8109,HH16,middle,mix,acroporaplatygyra,Annelida,Nereididae,1
BHKG-8110,HH16,middle,mix,acroporaplatygyra,Annelida,Leocrates ,1
BHKG-8111,HH16,middle,mix,acroporaplatygyra,Annelida,Nematonereis,1
BHKG-8112,HH16,middle,mix,acroporaplatygyra,Nemertea,Nemertea,1
BHKG-8113,HH13,middle,mono,platygyra,Echinodermata,Macrophiothrix,1
BHKG-8114,HH13,middle,mono,platygyra,Echinodermata,Ophiactis ,7
BHKG-8115,HH13,middle,mono,platygyra,Echinodermata,Ophiuroidea,2
BHKG-8116,HH13,middle,mono,platygyra,Mollusca,Pinnidae,2
BHKG-8117,HH13,middle,mono,platygyra,Mollusca,Striarca ,4
BHKG-8118,HH13,middle,mono,platygyra,Mollusca,Barbatia,7
BHKG-8119,HH10,middle,mix,acroporaplatygyra,Arthropoda,Galathea ,5
BHKG-8120,HH10,middle,mix,acroporaplatygyra,Arthropoda,Lissoporcellana ,15
BHKG-8121,HH10,middle,mix,acroporaplatygyra,Arthropoda,Pilumnidae,5
BHKG-8122,HH10,middle,mix,acroporaplatygyra,Arthropoda,Pilodius ,6
BHKG-8123,HH10,middle,mix,acroporaplatygyra,Arthropoda,Liomera ,2
BHKG-8124,HH10,middle,mix,acroporaplatygyra,Arthropoda,Epiactaea ,3
BHKG-8125,HH10,middle,mix,acroporaplatygyra,Arthropoda,Enosteoides ,2
BHKG-8126,HH10,middle,mix,acroporaplatygyra,Arthropoda,Chlorodiella ,8
BHKG-8127,HH10,middle,mix,acroporaplatygyra,Mollusca,Laevichlamys ,1
BHKG-8128,HH10,middle,mix,acroporaplatygyra,Mollusca,Laevichlamys ,1
BHKG-8129,HH10,middle,mix,acroporaplatygyra,Mollusca,Pinnidae,1
BHKG-8130,HH10,middle,mix,acroporaplatygyra,Arthropoda,Cuapetes,7
BHKG-8131,HH10,middle,mix,acroporaplatygyra,Arthropoda,Lysmata ,3
BHKG-8132,HH10,middle,mix,acroporaplatygyra,Arthropoda,Palaemonidae,1
BHKG-8133,HH10,middle,mix,acroporaplatygyra,Arthropoda,Alpheus,1
BHKG-8134,HH10,middle,mix,acroporaplatygyra,Arthropoda,Alpheus,1
BHKG-8135,HH10,middle,mix,acroporaplatygyra,Arthropoda,Athanus ,4
BHKG-8136,HH10,middle,mix,acroporaplatygyra,Chordata,Eviota,11
BHKG-8137,HH10,middle,mix,acroporaplatygyra,Chordata,Priolepis,2
BHKG-8138,HH10,middle,mix,acroporaplatygyra,Chordata,Istigobius,1
BHKG-8139,HH10,middle,mix,acroporaplatygyra,Chordata,Istigobius,1
BHKG-8140,HH10,middle,mix,acroporaplatygyra,Mollusca,Engina ,13
BHKG-8141,HH10,middle,mix,acroporaplatygyra,Mollusca,Ergalatax ,27
BHKG-8142,HH10,middle,mix,acroporaplatygyra,Mollusca,Drupella ,2
BHKG-8143,HH10,middle,mix,acroporaplatygyra,Mollusca,Clanculus,3
BHKG-8144,HH10,middle,mix,acroporaplatygyra,Mollusca,Striarca ,3
BHKG-8145,HH10,middle,mix,acroporaplatygyra,Mollusca,Barbatia,2
BHKG-8146,HH10,middle,mix,acroporaplatygyra,Mollusca,Indothais ,1
BHKG-8147,HH10,middle,mix,acroporaplatygyra,Mollusca,Mitrella ,1
BHKG-8148,HH10,middle,mix,acroporaplatygyra,Mollusca,Mitrella ,2
BHKG-8149,HH10,middle,mix,acroporaplatygyra,Echinodermata,Ophiactis ,2
BHKG-8150,HH10,middle,mix,acroporaplatygyra,Echinodermata,Ophiuroidea,1
BHKG-8151,HH24,far,mono,platygyra,Arthropoda,Acteodes ,1
BHKG-8152,HH24,far,mono,platygyra,Mollusca,Ergalatax ,42
BHKG-8153,HH24,far,mono,platygyra,Mollusca,Drupella ,1
BHKG-8154,HH24,far,mono,platygyra,Arthropoda,Chlorodiella ,3
BHKG-8155,HH24,far,mono,platygyra,Arthropoda,Lissoporcellana ,4
BHKG-8156,HH24,far,mono,platygyra,Arthropoda,Epiactaea ,2
BHKG-8157,HH24,far,mono,platygyra,Arthropoda,Lysmata ,6
BHKG-8158,HH24,far,mono,platygyra,Arthropoda,Galathea ,6
BHKG-8159,HH10,middle,mix,acroporaplatygyra,Annelida,Phascolosoma,1
BHKG-8160,HH10,middle,mix,acroporaplatygyra,Annelida,Nereididae,1
BHKG-8161,HH10,middle,mix,acroporaplatygyra,Annelida,Lepidonotus,1
BHKG-8162,HH10,middle,mix,acroporaplatygyra,Mollusca,Diodora,1
BHKG-8163,HH02,close,mono,pavona,Annelida,Lepidonotus,1
BHKG-8164,HH02,close,mono,pavona,Annelida,Spionidae,3
BHKG-8165,HH02,close,mono,pavona,Annelida,Leocrates ,1
BHKG-8166,HH02,close,mono,pavona,Annelida,Glyceridae,1
BHKG-8167,HH02,close,mono,pavona,Nemertea,Nemertea,1
BHKG-8168,HH02,close,mono,pavona,Arthropoda,Pilumnidae,1
BHKG-8169,HH02,close,mono,pavona,Annelida,Trypanosyllis,1
BHKG-8170,HH02,close,mono,pavona,Annelida,Nereididae,1
BHKG-8171,HH02,close,mono,pavona,Mollusca,Lepidozona ,1
BHKG-8172,HH02,close,mono,pavona,Annelida,Eunicidae,1
BHKG-8173,HH02,close,mono,pavona,Annelida,Lysidice,1
BHKG-8174,HH02,close,mono,pavona,Annelida,Nematonereis,1
BHKG-8175,HH02,close,mono,pavona,Annelida,Spionidae,1
BHKG-8176,HH02,close,mono,pavona,Annelida,notSure,2
BHKG-8177,HH02,close,mono,pavona,Annelida,Flabelligeridae,1
BHKG-8178,HH02,close,mono,pavona,Annelida,Phascolosoma,13
BHKG-8179,HH02,close,mono,pavona,Annelida,Phascolosoma,4
BHKG-8180,HH02,close,mono,pavona,Annelida,Sipuncula,1
BHKG-8181,HH19,far,mono,pavona,Annelida,Lepidonotus,1
BHKG-8182,HH19,far,mono,pavona,Annelida,Polynoidae,1
BHKG-8183,HH19,far,mono,pavona,Annelida,Lepidonotus,1
BHKG-8184,HH19,far,mono,pavona,Arthropoda,Maera,1
BHKG-8185,HH02,close,mono,pavona,Arthropoda,Areopaguristes,7
BHKG-8186,HH02,close,mono,pavona,Arthropoda,Pagurixus ,4
BHKG-8187,HH02,close,mono,pavona,Arthropoda,Tanaidacea,9
BHKG-8188,HH19,far,mono,pavona,Annelida,Chrysopetalidae,1
BHKG-8189,HH19,far,mono,pavona,Annelida,Lepidonotus,1
BHKG-8190,HH19,far,mono,pavona,Annelida,notSure,1
BHKG-8191,HH19,far,mono,pavona,Annelida,Eurythoe,1
BHKG-8192,HH19,far,mono,pavona,Annelida,Leocrates ,2
BHKG-8193,HH19,far,mono,pavona,Annelida,Nematonereis,1
BHKG-8194,HH19,far,mono,pavona,Annelida,Phascolosoma,4
BHKG-8195,HH19,far,mono,pavona,Annelida,Phascolosoma,7
BHKG-8196,HH21,far,mono,pavona,Annelida,Phascolosoma,6
BHKG-8197,HH21,far,mono,pavona,Annelida,Phascolosoma,2
BHKG-8198,HH21,far,mono,pavona,Annelida,Nereididae,1
BHKG-8199,HH21,far,mono,pavona,Arthropoda,Ericthonius,2
BHKG-8200,HH21,far,mono,pavona,Annelida,Phyllodoce,1
BHKG-8201,HH21,far,mono,pavona,Annelida,Eurythoe,1
BHKG-8202,HH21,far,mono,pavona,Annelida,Glyceridae,1
BHKG-8203,HH21,far,mono,pavona,Annelida,Lepidonotus,1
BHKG-8204,HH21,far,mono,pavona,Annelida,Glyceridae,1
BHKG-8205,HH24,far,mono,platygyra,Arthropoda,Pilumnidae,5
BHKG-8206,HH24,far,mono,platygyra,Arthropoda,Liomera ,1
BHKG-8207,HH24,far,mono,platygyra,Mollusca,Purpuradusta ,3
BHKG-8208,HH24,far,mono,platygyra,Arthropoda,Thalamita ,1
BHKG-8209,HH24,far,mono,platygyra,Arthropoda,Leptodius ,1
BHKG-8210,HH24,far,mono,platygyra,Chordata,Eviota,10
BHKG-8211,HH24,far,mono,platygyra,Chordata,Istigobius,1
BHKG-8212,HH24,far,mono,platygyra,Chordata,Priolepis,2
BHKG-8213,HH24,far,mono,platygyra,Mollusca,Engina ,4
BHKG-8214,HH24,far,mono,platygyra,Arthropoda,Cuapetes,5
BHKG-8215,HH24,far,mono,platygyra,Mollusca,Bivalvia,1
BHKG-8216,HH24,far,mono,platygyra,Arthropoda,Brachyura,1
BHKG-8217,HH24,far,mono,platygyra,Mollusca,Mitrella ,7
BHKG-8218,HH24,far,mono,platygyra,Arthropoda,Alpheus,1
BHKG-8219,HH24,far,mono,platygyra,Arthropoda,Alpheus,3
BHKG-8220,HH24,far,mono,platygyra,Arthropoda,Alpheus,2
BHKG-8221,HH24,far,mono,platygyra,Arthropoda,Alpheus,2
BHKG-8222,HH24,far,mono,platygyra,Mollusca,Clanculus,3
BHKG-8223,HH24,far,mono,platygyra,Mollusca,Clanculus,1
BHKG-8224,HH24,far,mono,platygyra,Mollusca,Barbatia,1
BHKG-8225,HH24,far,mono,platygyra,Mollusca,Gastropoda,1
BHKG-8226,HH16,middle,mix,acroporaplatygyra,Arthropoda,Chlorodiella ,1
BHKG-8227,HH16,middle,mix,acroporaplatygyra,Arthropoda,Thalamita ,2
BHKG-8228,HH16,middle,mix,acroporaplatygyra,Arthropoda,Pilumnidae,5
BHKG-8229,HH16,middle,mix,acroporaplatygyra,Arthropoda,Medaeops ,1
BHKG-8230,HH16,middle,mix,acroporaplatygyra,Arthropoda,Lissoporcellana ,4
BHKG-8231,HH16,middle,mix,acroporaplatygyra,Arthropoda,Galathea ,2
BHKG-8232,HH16,middle,mix,acroporaplatygyra,Arthropoda,Epiactaea ,2
BHKG-8233,HH24,far,mono,platygyra,Echinodermata,Ophiactis ,16
BHKG-8234,HH24,far,mono,platygyra,Echinodermata,Ophiuroidea,1
BHKG-8235,HH16,middle,mix,acroporaplatygyra,Arthropoda,Cuapetes,3
BHKG-8236,HH16,middle,mix,acroporaplatygyra,Arthropoda,Lysmata ,2
BHKG-8237,HH16,middle,mix,acroporaplatygyra,Arthropoda,Athanus ,1
BHKG-8238,HH16,middle,mix,acroporaplatygyra,Mollusca,Nassarius ,1
BHKG-8239,HH16,middle,mix,acroporaplatygyra,Mollusca,Striarca ,1
BHKG-8240,HH16,middle,mix,acroporaplatygyra,Arthropoda,Thor ,1
BHKG-8241,HH16,middle,mix,acroporaplatygyra,Mollusca,Clanculus,1
BHKG-8242,HH16,middle,mix,acroporaplatygyra,Echinodermata,Ophiuroidea,1
BHKG-8243,HH16,middle,mix,acroporaplatygyra,Echinodermata,Ophiactis ,2
BHKG-8244,HH16,middle,mix,acroporaplatygyra,Arthropoda,Pilodius ,1
BHKG-8245,HH16,middle,mix,acroporaplatygyra,Chordata,Istigobius,5
BHKG-8246,HH16,middle,mix,acroporaplatygyra,Chordata,Priolepis,2
BHKG-8247,HH16,middle,mix,acroporaplatygyra,Chordata,Eviota,7
BHKG-8248,HH16,middle,mix,acroporaplatygyra,Mollusca,Ergalatax ,23
BHKG-8249,HH16,middle,mix,acroporaplatygyra,Mollusca,Engina ,12
BHKG-8250,HH16,middle,mix,acroporaplatygyra,Mollusca,Mitra ,2
BHKG-8251,HH16,middle,mix,acroporaplatygyra,Mollusca,Clanculus,1
BHKG-8252,HH16,middle,mix,acroporaplatygyra,Mollusca,Clanculus,1
BHKG-8253,HH16,middle,mix,acroporaplatygyra,Mollusca,Clanculus,1
BHKG-8254,HH16,middle,mix,acroporaplatygyra,Mollusca,Indothais ,1
BHKG-8255,HH16,middle,mix,acroporaplatygyra,Mollusca,Scintilla ,1
BHKG-8256,HH16,middle,mix,acroporaplatygyra,Mollusca,Scutus  ,1
BHKG-8257,HH16,middle,mix,acroporaplatygyra,Mollusca,Diodora,1
BHKG-8258,HH16,middle,mix,acroporaplatygyra,Platyhelminthes,Polycladida,1
BHKG-8259,HH16,middle,mix,acroporaplatygyra,Arthropoda,Alpheus,1
BHKG-8260,HH16,middle,mix,acroporaplatygyra,Arthropoda,Alpheus,2
BHKG-8261,HH16,middle,mix,acroporaplatygyra,Mollusca,Barbatia,1
BHKG-8262,HH16,middle,mix,acroporaplatygyra,Arthropoda,Alpheus,1
BHKG-8263,HH16,middle,mix,acroporaplatygyra,Arthropoda,Alpheus,1
BHKG-8264,HH16,middle,mix,acroporaplatygyra,Arthropoda,Alpheus,2
BHKG-8265,HH16,middle,mix,acroporaplatygyra,Arthropoda,Alpheus,1
BHKG-8266,HH16,middle,mix,acroporaplatygyra,Arthropoda,Alpheus,1
BHKG-8267,HH02,close,mono,pavona,Arthropoda,Chlorodiella ,6
BHKG-8268,HH02,close,mono,pavona,Arthropoda,Pilodius ,2
BHKG-8269,HH02,close,mono,pavona,Arthropoda,Pilumnidae,12
BHKG-8270,HH02,close,mono,pavona,Arthropoda,Galathea ,5
BHKG-8271,HH02,close,mono,pavona,Arthropoda,Liomera ,3
BHKG-8272,HH02,close,mono,pavona,Arthropoda,Lissoporcellana ,10
BHKG-8273,HH02,close,mono,pavona,Arthropoda,Medaeops ,1
BHKG-8274,HH02,close,mono,pavona,Arthropoda,Epiactaea ,2
BHKG-8275,HH02,close,mono,pavona,Arthropoda,Athanus ,4
BHKG-8276,HH02,close,mono,pavona,Arthropoda,Cuapetes,5
BHKG-8277,HH02,close,mono,pavona,Arthropoda,Alpheus,3
BHKG-8278,HH02,close,mono,pavona,Arthropoda,Alpheus,2
BHKG-8279,HH02,close,mono,pavona,Arthropoda,Alpheus,2
BHKG-8280,HH02,close,mono,pavona,Arthropoda,Alpheus,1
BHKG-8281,HH02,close,mono,pavona,Mollusca,Erronea ,1
BHKG-8282,HH02,close,mono,pavona,Arthropoda,Cuapetes,4
BHKG-8283,HH02,close,mono,pavona,Mollusca,Discodorididae,1
BHKG-8284,HH02,close,mono,pavona,Chordata,Eviota,18
BHKG-8285,HH02,close,mono,pavona,Chordata,Istigobius,1
BHKG-8286,HH02,close,mono,pavona,Mollusca,Drupella ,6
BHKG-8287,HH02,close,mono,pavona,Mollusca,Engina ,15
BHKG-8288,HH02,close,mono,pavona,Mollusca,Ergalatax ,24
BHKG-8289,HH02,close,mono,pavona,Mollusca,Astralium,1
BHKG-8290,HH02,close,mono,pavona,Mollusca,Nassarius ,8
BHKG-8291,HH02,close,mono,pavona,Mollusca,Cerithium traillii,1
BHKG-8292,HH02,close,mono,pavona,Echinodermata,Ophiactis ,4
BHKG-8293,HH02,close,mono,pavona,Mollusca,Stosicia ,4
BHKG-8294,HH02,close,mono,pavona,Mollusca,Clanculus,1
BHKG-8295,HH02,close,mono,pavona,Mollusca,Clanculus,5
BHKG-8296,HH02,close,mono,pavona,Mollusca,Seila ,3
BHKG-8297,HH02,close,mono,pavona,Mollusca,Barbatia,5
BHKG-8298,HH02,close,mono,pavona,Mollusca,Perna ,1
BHKG-8299,HH19,far,mono,pavona,Arthropoda,Chlorodiella ,5
BHKG-8300,HH19,far,mono,pavona,Arthropoda,Pilumnidae,7
BHKG-8301,HH19,far,mono,pavona,Arthropoda,Lissoporcellana ,6
BHKG-8302,HH19,far,mono,pavona,Arthropoda,Galathea ,8
BHKG-8303,HH19,far,mono,pavona,Arthropoda,Epiactaea ,2
BHKG-8304,HH19,far,mono,pavona,Arthropoda,Enosteoides ,3
BHKG-8305,HH19,far,mono,pavona,Arthropoda,Liomera ,1
BHKG-8306,HH19,far,mono,pavona,Arthropoda,Cuapetes,6
BHKG-8307,HH19,far,mono,pavona,Mollusca,Striarca ,1
BHKG-8308,HH19,far,mono,pavona,Chordata,Istigobius,2
BHKG-8309,HH19,far,mono,pavona,Chordata,Eviota,15
BHKG-8310,HH19,far,mono,pavona,Echinodermata,Ophiactis ,9
BHKG-8311,HH19,far,mono,pavona,Echinodermata,Ophiuroidea,3
BHKG-8312,HH19,far,mono,pavona,Arthropoda,Pilodius ,1
BHKG-8313,HH19,far,mono,pavona,Echinodermata,Macrophiothrix,1
BHKG-8314,HH19,far,mono,pavona,Echinodermata,Ophiuroidea,1
BHKG-8315,HH19,far,mono,pavona,Arthropoda,Alpheus,4
BHKG-8316,HH19,far,mono,pavona,Arthropoda,Athanus ,1
BHKG-8317,HH19,far,mono,pavona,Arthropoda,Athanus ,2
BHKG-8318,HH19,far,mono,pavona,Arthropoda,Alpheus,2
BHKG-8319,HH19,far,mono,pavona,Arthropoda,Alpheus,1
BHKG-8320,HH19,far,mono,pavona,Arthropoda,Alpheus,1
BHKG-8321,HH19,far,mono,pavona,Arthropoda,Alpheus,2
BHKG-8322,HH19,far,mono,pavona,Mollusca,Ephippodonta ,1
BHKG-8323,HH19,far,mono,pavona,Mollusca,Purpuradusta ,2
BHKG-8324,HH19,far,mono,pavona,Mollusca,Mitra ,2
BHKG-8325,HH19,far,mono,pavona,Mollusca,Indothais ,1
BHKG-8326,HH19,far,mono,pavona,Mollusca,Ergalatax ,53
BHKG-8327,HH19,far,mono,pavona,Mollusca,Engina ,12
BHKG-8328,HH19,far,mono,pavona,Mollusca,Barbatia,2
BHKG-8329,HH19,far,mono,pavona,Mollusca,Striarca ,1
BHKG-8330,HH19,far,mono,pavona,Mollusca,Laevichlamys ,1
BHKG-8331,HH19,far,mono,pavona,Mollusca,Clanculus,3
BHKG-8332,HH19,far,mono,pavona,Mollusca,Mitrella ,1
BHKG-8333,HH19,far,mono,pavona,Mollusca,Seila ,1
BHKG-8334,HH19,far,mono,pavona,Mollusca,Nassarius ,1
BHKG-8335,HH21,far,mono,pavona,Arthropoda,Lissoporcellana ,15
BHKG-8336,HH21,far,mono,pavona,Arthropoda,Thalamita ,1
BHKG-8337,HH21,far,mono,pavona,Arthropoda,Thalamita ,1
BHKG-8338,HH21,far,mono,pavona,Arthropoda,Galathea ,9
BHKG-8339,HH21,far,mono,pavona,Arthropoda,Chlorodiella ,1
BHKG-8340,HH21,far,mono,pavona,Mollusca,Mitrella ,4
BHKG-8341,HH21,far,mono,pavona,Mollusca,Engina ,12
BHKG-8342,HH21,far,mono,pavona,Mollusca,Seila ,1
BHKG-8343,HH21,far,mono,pavona,Arthropoda,Epiactaea ,3
BHKG-8344,HH21,far,mono,pavona,Arthropoda,Liomera ,1
BHKG-8345,HH21,far,mono,pavona,Mollusca,Ergalatax ,28
BHKG-8346,HH21,far,mono,pavona,Arthropoda,Pilumnidae,6
BHKG-8347,HH21,far,mono,pavona,Arthropoda,Pilodius ,2
BHKG-8348,HH21,far,mono,pavona,Mollusca,Ephippodonta ,2
BHKG-8349,HH21,far,mono,pavona,Chordata,Priolepis,3
BHKG-8350,HH21,far,mono,pavona,Chordata,Istigobius,2
BHKG-8351,HH21,far,mono,pavona,Chordata,Eviota,10
BHKG-8352,HH21,far,mono,pavona,Arthropoda,Cuapetes,7
BHKG-8353,HH21,far,mono,pavona,Mollusca,Bivalvia,1
BHKG-8354,HH21,far,mono,pavona,Arthropoda,Lysmata ,1
BHKG-8355,HH21,far,mono,pavona,Arthropoda,Brachyura,1
BHKG-8356,HH21,far,mono,pavona,Mollusca,Clanculus,2
BHKG-8357,HH21,far,mono,pavona,Arthropoda,Alpheus,7
BHKG-8358,HH21,far,mono,pavona,Arthropoda,Alpheus,2
BHKG-8359,HH21,far,mono,pavona,Arthropoda,Alpheus,3
BHKG-8360,HH21,far,mono,pavona,Arthropoda,Alpheus,1
BHKG-8361,HH21,far,mono,pavona,Arthropoda,Alpheus,1
BHKG-8362,HH21,far,mono,pavona,Mollusca,Barbatia,9
BHKG-8363,HH21,far,mono,pavona,Mollusca,Striarca ,2
BHKG-8364,HH21,far,mono,pavona,Echinodermata,Ophiuroidea,2
BHKG-8365,HH21,far,mono,pavona,Echinodermata,Ophiactis ,1
BHKG-8366,HH21,far,mono,pavona,Echinodermata,Ophioplocus  ,1
BHKG-8367,HH21,far,mono,pavona,Mollusca,Seila ,1
BHKG-8368,HH21,far,mono,pavona,Arthropoda,Alpheus,1
BHKG-8369,HH21,far,mono,pavona,Arthropoda,Athanus ,1
BHKG-8370,HH21,far,mono,pavona,Mollusca,Diodora,2
BHKG-8371,HH21,far,mono,pavona,Mollusca,Bivalvia,1
BHKG-8372,HH21,far,mono,pavona,Mollusca,Arcopsis,1
BHKG-8373,HH19,far,mono,pavona,Arthropoda,Areopaguristes,5
BHKG-8374,HH19,far,mono,pavona,Arthropoda,Pagurus,5
BHKG-8375,HH19,far,mono,pavona,Arthropoda,Pagurixus ,7
BHKG-8376,HH19,far,mono,pavona,Arthropoda,Diogenes,1
BHKG-8377,HH21,far,mono,pavona,Annelida,Syllidae,1
BHKG-8378,HH21,far,mono,pavona,Annelida,notSure,1
BHKG-8379,HH21,far,mono,pavona,Annelida,Iphione,1
BHKG-8380,HH21,far,mono,pavona,Annelida,Leocrates ,1
BHKG-8381,HH21,far,mono,pavona,Annelida,Lepidonotus,1
BHKG-8382,HH21,far,mono,pavona,Mollusca,Mitrella ,1
BHKG-8383,HH19,far,mono,pavona,Mollusca,Rhyssoplax ,1
BHKG-8384,HH21,far,mono,pavona,Arthropoda,Pagurixus ,5
BHKG-8385,HH21,far,mono,pavona,Arthropoda,Areopaguristes,3
BHKG-8386,HH21,far,mono,pavona,Arthropoda,Pagurus,1
BHKG-8387,HH23,far,mix,acroporaplatygyra,Annelida,Leocrates ,1
BHKG-8388,HH23,far,mix,acroporaplatygyra,Annelida,Lepidonotus,1
BHKG-8389,HH23,far,mix,acroporaplatygyra,Annelida,Leocrates ,1
BHKG-8390,HH23,far,mix,acroporaplatygyra,Annelida,Nereiphylla,1
BHKG-8391,HH23,far,mix,acroporaplatygyra,Annelida,Lepidonotus,1
BHKG-8392,HH23,far,mix,acroporaplatygyra,Annelida,Iphione,1
BHKG-8393,HH23,far,mix,acroporaplatygyra,Mollusca,Isnochiton ,1
BHKG-8394,HH23,far,mix,acroporaplatygyra,Annelida,Syllidae,1
BHKG-8395,HH23,far,mix,acroporaplatygyra,Annelida,Syllidae,1
BHKG-8396,HH23,far,mix,acroporaplatygyra,Annelida,Nereididae,1
BHKG-8397,HH23,far,mix,acroporaplatygyra,Annelida,Nereididae,1
BHKG-8398,HH23,far,mix,acroporaplatygyra,Annelida,Syllidae,1
BHKG-8399,HH23,far,mix,acroporaplatygyra,Annelida,Polynoidae,1
BHKG-8400,HH23,far,mix,acroporaplatygyra,Annelida,Phascolosoma,4
BHKG-8401,HH23,far,mix,acroporaplatygyra,Arthropoda,Diogenes,1
BHKG-8402,HH23,far,mix,acroporaplatygyra,Arthropoda,Pagurus,5
BHKG-8403,HH23,far,mix,acroporaplatygyra,Arthropoda,Boninpagurus ,1
BHKG-8404,HH23,far,mix,acroporaplatygyra,Arthropoda,Areopaguristes,12
BHKG-8405,HH23,far,mix,acroporaplatygyra,Arthropoda,Pagurixus ,2
BHKG-8409,HH23,far,mix,acroporaplatygyra,Arthropoda,Petrolisthes ,1
BHKG-8410,HH23,far,mix,acroporaplatygyra,Arthropoda,Liomera ,2
BHKG-8411,HH23,far,mix,acroporaplatygyra,Arthropoda,Chlorodiella ,19
BHKG-8412,HH23,far,mix,acroporaplatygyra,Arthropoda,Lissoporcellana ,3
BHKG-8413,HH23,far,mix,acroporaplatygyra,Arthropoda,Pilumnidae,5
BHKG-8414,HH23,far,mix,acroporaplatygyra,Arthropoda,Galathea ,3
BHKG-8415,HH23,far,mix,acroporaplatygyra,Arthropoda,Enosteoides ,6
BHKG-8416,HH23,far,mix,acroporaplatygyra,Arthropoda,Epiactaea ,1
BHKG-8417,HH23,far,mix,acroporaplatygyra,Arthropoda,Scutus  ,1
BHKG-8418,HH23,far,mix,acroporaplatygyra,Mollusca,Limaria ,1
BHKG-8419,HH23,far,mix,acroporaplatygyra,Arthropoda,Pilumnidae,3
BHKG-8420,HH23,far,mix,acroporaplatygyra,Mollusca,Mitra ,1
BHKG-8421,HH23,far,mix,acroporaplatygyra,Arthropoda,Thalamita ,2
BHKG-8422,HH23,far,mix,acroporaplatygyra,Mollusca,Seila ,1
BHKG-8423,HH23,far,mix,acroporaplatygyra,Mollusca,Purpuradusta ,2
BHKG-8424,HH23,far,mix,acroporaplatygyra,Arthropoda,Cuapetes,2
BHKG-8425,HH23,far,mix,acroporaplatygyra,Arthropoda,Cuapetes,3
BHKG-8426,HH23,far,mix,acroporaplatygyra,Mollusca,Engina ,8
BHKG-8427,HH23,far,mix,acroporaplatygyra,Mollusca,Astralium,1
BHKG-8428,HH23,far,mix,acroporaplatygyra,Mollusca,Hybochelus ,3
BHKG-8429,HH23,far,mix,acroporaplatygyra,Mollusca,Clanculus,1
BHKG-8430,HH23,far,mix,acroporaplatygyra,Mollusca,Clanculus,1
BHKG-8431,HH23,far,mix,acroporaplatygyra,Echinodermata,Ophiactis ,24
BHKG-8432,HH23,far,mix,acroporaplatygyra,Echinodermata,Ophiuroidea,12
BHKG-8433,HH23,far,mix,acroporaplatygyra,Chordata,Priolepis,2
BHKG-8434,HH23,far,mix,acroporaplatygyra,Chordata,Eviota,12
BHKG-8435,HH23,far,mix,acroporaplatygyra,Chordata,Istigobius,3
BHKG-8436,HH23,far,mix,acroporaplatygyra,Mollusca,Barbatia,7
BHKG-8437,HH23,far,mix,acroporaplatygyra,Mollusca,Ergalatax ,25
BHKG-8438,HH23,far,mix,acroporaplatygyra,Arthropoda,Pisidia ,1
BHKG-8439,HH23,far,mix,acroporaplatygyra,Mollusca,Diodora,1
BHKG-8440,HH23,far,mix,acroporaplatygyra,Arthropoda,Alpheus,5
BHKG-8441,HH23,far,mix,acroporaplatygyra,Arthropoda,Alpheus,1
BHKG-8442,HH23,far,mix,acroporaplatygyra,Arthropoda,Alpheus,1
BHKG-8443,HH23,far,mix,acroporaplatygyra,Mollusca,Plicatula,2
BHKG-8444,HH23,far,mix,acroporaplatygyra,Arthropoda,Leptodius ,1
BHKG-8445,HH23,far,mix,acroporaplatygyra,Arthropoda,Medaeops ,1